Username,Question,Selected Answer,Correct Answer
Vengatesan,What is the capital of India?,Delhi,Delhi
Vengatesan,What is the capital of India?,Delhi,Delhi
Vengatesan,What is the capital of India?,Delhi,Delhi
Vengatesan,Who is known as the Father of the Indian Constitution?,Gandhi,Ambedkar
Vengatesan,Which Indian state has the longest coastline?,Tamil Nadu,Gujarat
Vengatesan,What is the capital of India?,Delhi,Delhi
Vengatesan,Who is known as the Father of the Indian Constitution?,Ambedkar,Ambedkar
Vengatesan,Which Indian state has the longest coastline?,Gujarat,Gujarat
Vengatesan,What is the capital of India?,Delhi,Delhi
Vengatesan,Who is known as the Father of the Indian Constitution?,Ambedkar,Ambedkar
Vengatesan,Which Indian state has the longest coastline?,Gujarat,Gujarat
Vengatesan,What is the capital of India?,Delhi,Delhi
Vengatesan,Who is known as the Father of the Indian Constitution?,Ambedkar,Ambedkar
Vengatesan,Which Indian state has the longest coastline?,Gujarat,Gujarat
Vengatesan,What is the capital of India?,Delhi,Delhi
Vengatesan,Who is known as the Father of the Indian Constitution?,No Answer,Ambedkar
Vengatesan,Which Indian state has the longest coastline?,Gujarat,Gujarat
